Player,NBABioURL,PlayerID_NBA
A.J. Green,https://www.nba.com/player/1631260/aj-green/bio,1631260
A.J. Lawson,https://www.nba.com/player/1630639/aj-lawson/bio,1630639
AJ Johnson,https://www.nba.com/player/1642358/aj-johnson/bio,1642358
Aaron Gordon,https://www.nba.com/player/203932/aaron-gordon/bio,203932
Aaron Holiday,https://www.nba.com/player/1628988/aaron-holiday/bio,1628988
Aaron Nesmith,https://www.nba.com/player/1630174/aaron-nesmith/bio,1630174
Aaron Wiggins,https://www.nba.com/player/1630598/aaron-wiggins/bio,1630598
Adam Flagler,https://www.nba.com/player/1641745/adam-flagler/bio,1641745
Adama Sanogo,https://www.nba.com/player/1641766/adama-sanogo/bio,1641766
Adem Bona,https://www.nba.com/player/1641737/adem-bona/bio,1641737
Ajay Mitchell,https://www.nba.com/player/1642349/ajay-mitchell/bio,1642349
Al Horford,https://www.nba.com/player/201143/al-horford/bio,201143
Alec Burks,https://www.nba.com/player/202692/alec-burks/bio,202692
Alex Caruso,https://www.nba.com/player/1627936/alex-caruso/bio,1627936
Alex Ducas,https://www.nba.com/player/1642505/alex-ducas/bio,1642505
Alex Len,https://www.nba.com/player/203458/alex-len/bio,203458
Alex Reese,https://www.nba.com/player/1642024/alex-reese/bio,1642024
Alex Sarr,https://www.nba.com/player/1642259/alex-sarr/bio,1642259
Alondes Williams,https://www.nba.com/player/1631214/alondes-williams/bio,1631214
Alperen Sengun,https://www.nba.com/player/1630578/alperen-sengun/bio,1630578
Alperen Şengün,https://www.nba.com/player/1630578/alperen-sengun/bio,1630578
Amen Thompson,https://www.nba.com/player/1641708/amen-thompson/bio,1641708
Amir Coffey,https://www.nba.com/player/1629599/amir-coffey/bio,1629599
Andre Drummond,https://www.nba.com/player/203083/andre-drummond/bio,203083
Andre Jackson,https://www.nba.com/player/1641748/andre-jackson-jr,1641748
Andre Jackson Jr.,https://www.nba.com/player/1641748/andre-jackson-jr/bio,1641748
Andrew Nembhard,https://www.nba.com/player/1629614/andrew-nembhard/bio,1629614
Andrew Wiggins,https://www.nba.com/player/203952/andrew-wiggins/bio,203952
Anfernee Simons,https://www.nba.com/player/1629014/anfernee-simons/bio,1629014
Anthony Black,https://www.nba.com/player/1641710/anthony-black/bio,1641710
Anthony Davis,https://www.nba.com/player/203076/anthony-davis/bio,203076
Anthony Edwards,https://www.nba.com/player/1630162/anthony-edwards/bio,1630162
Anthony Gill,https://www.nba.com/player/1630264/anthony-gill/bio,1630264
Antonio Reeves,https://www.nba.com/player/1641810/antonio-reeves/bio,1641810
Ariel Hukporti,https://www.nba.com/player/1630574/ariel-hukporti/bio,1630574
Armel Traoré,https://www.nba.com/player/1642422/armel-traor/bio,1642422
Ausar Thompson,https://www.nba.com/player/1641709/ausar-thompson/bio,1641709
Austin Reaves,https://www.nba.com/player/1630559/austin-reaves/bio,1630559
Ayo Dosunmu,https://www.nba.com/player/1630245/ayo-dosunmu/bio,1630245
Bam Adebayo,https://www.nba.com/player/1628389/bam-adebayo/bio,1628389
Baylor Scheierman,https://www.nba.com/player/1631248/baylor-scheierman/bio,1631248
Ben Sheppard,https://www.nba.com/player/1641767/ben-sheppard/bio,1641767
Ben Simmons,https://www.nba.com/player/1627732/ben-simmons/bio,1627732
Bennedict Mathurin,https://www.nba.com/player/1631097/bennedict-mathurin/bio,1631097
Bilal Coulibaly,https://www.nba.com/player/1641731/bilal-coulibaly/bio,1641731
Blake Wesley,https://www.nba.com/player/1631104/blake-wesley/bio,1631104
Bobby Portis,https://www.nba.com/player/1626171/bobby-portis/bio,1626171
Bobi Klintman,https://www.nba.com/player/1641752/bobi-klintman/bio,1641752
Bogdan Bogdanović,https://www.nba.com/player/203992/bogdan-bogdanovi/bio,203992
Bol Bol,https://www.nba.com/player/1629626/bol-bol/bio,1629626
Bones Hyland,https://www.nba.com/player/1630538/bones-hyland/bio,1630538
Bradley Beal,https://www.nba.com/player/203078/bradley-beal/bio,203078
Branden Carlson,https://www.nba.com/player/1642382/branden-carlson/bio,1642382
Brandin Podziemski,https://www.nba.com/player/1641764/brandin-podziemski/bio,1641764
Brandon Boston,https://www.nba.com/player/1630527/brandon-boston/bio,1630527
Brandon Boston Jr.,https://www.nba.com/player/1630527/brandon-boston,1630527
Brandon Clarke,https://www.nba.com/player/1629634/brandon-clarke/bio,1629634
Brandon Ingram,https://www.nba.com/player/1627742/brandon-ingram/bio,1627742
Brandon Miller,https://www.nba.com/player/1641706/brandon-miller/bio,1641706
Brandon Williams,https://www.nba.com/player/1585/brandon-williams/bio,1585
Brandon Williams,https://www.nba.com/player/1630314/brandon-williams/bio,1630314
Brice Sensabaugh,https://www.nba.com/player/1641729/brice-sensabaugh/bio,1641729
Bronny James,https://www.nba.com/player/1642355/bronny-james/bio,1642355
Brook Lopez,https://www.nba.com/player/201572/brook-lopez/bio,201572
Bruce Brown,https://www.nba.com/player/1628971/bruce-brown/bio,1628971
Bruno Fernando,https://www.nba.com/player/1628981/bruno-fernando/bio,1628981
Bryce McGowens,https://www.nba.com/player/1631121/bryce-mcgowens/bio,1631121
Buddy Hield,https://www.nba.com/player/1627741/buddy-hield/bio,1627741
CJ McCollum,https://www.nba.com/player/203468/cj-mccollum/bio,203468
Cade Cunningham,https://www.nba.com/player/1630595/cade-cunningham/bio,1630595
Caleb Houstan,https://www.nba.com/player/1631216/caleb-houstan/bio,1631216
Caleb Martin,https://www.nba.com/player/1628997/caleb-martin/bio,1628997
Cam Christie,https://www.nba.com/player/1642353/cam-christie/bio,1642353
Cam Reddish,https://www.nba.com/player/1629629/cam-reddish/bio,1629629
Cam Spencer,https://www.nba.com/player/1642285/cam-spencer/bio,1642285
Cam Thomas,https://www.nba.com/player/1630560/cam-thomas/bio,1630560
Cam Whitmore,https://www.nba.com/player/1641715/cam-whitmore/bio,1641715
Cameron Johnson,https://www.nba.com/player/1629661/cameron-johnson/bio,1629661
Cameron Payne,https://www.nba.com/player/1626166/cameron-payne/bio,1626166
Caris LeVert,https://www.nba.com/player/1627747/caris-levert/bio,1627747
Carlton Carrington,https://www.nba.com/player/1642267/bub-carrington,1642267
Cason Wallace,https://www.nba.com/player/1641717/cason-wallace/bio,1641717
Charles Bassey,https://www.nba.com/player/1629646/charles-bassey/bio,1629646
Chet Holmgren,https://www.nba.com/player/1631096/chet-holmgren/bio,1631096
Chris Boucher,https://www.nba.com/player/1628449/chris-boucher/bio,1628449
Chris Duarte,https://www.nba.com/player/1630537/chris-duarte/bio,1630537
Chris Livingston,https://www.nba.com/player/1641753/chris-livingston/bio,1641753
Chris Paul,https://www.nba.com/player/101108/chris-paul/bio,101108
Christian Braun,https://www.nba.com/player/1631128/christian-braun/bio,1631128
Christian Koloko,https://www.nba.com/player/1631132/christian-koloko/bio,1631132
Chuma Okeke,https://www.nba.com/player/1629643/chuma-okeke/bio,1629643
Clint Capela,https://www.nba.com/player/203991/clint-capela/bio,203991
Coby White,https://www.nba.com/player/1629632/coby-white/bio,1629632
Cody Martin,https://www.nba.com/player/1628998/cody-martin/bio,1628998
Cody Williams,https://www.nba.com/player/1642262/cody-williams/bio,1642262
Colby Jones,https://www.nba.com/player/1641732/colby-jones/bio,1641732
Cole Anthony,https://www.nba.com/player/1630175/cole-anthony/bio,1630175
Cole Swider,https://www.nba.com/player/1631306/cole-swider/bio,1631306
Colin Castleton,https://www.nba.com/player/1630658/colin-castleton/bio,1630658
Collin Gillespie,https://www.nba.com/player/1631221/collin-gillespie/bio,1631221
Collin Sexton,https://www.nba.com/player/1629012/collin-sexton/bio,1629012
Corey Kispert,https://www.nba.com/player/1630557/corey-kispert/bio,1630557
Cory Joseph,https://www.nba.com/player/202709/cory-joseph/bio,202709
Craig Porter,https://www.nba.com/player/1641854/craig-porter-jr,1641854
Craig Porter Jr.,https://www.nba.com/player/1641854/craig-porter-jr/bio,1641854
D'Angelo Russell,https://www.nba.com/player/1626156/dangelo-russell/bio,1626156
D.J. Carton,https://www.nba.com/player/1630618/dj-carton/bio,1630618
DaQuan Jeffries,https://www.nba.com/player/1629610/daquan-jeffries/bio,1629610
Daeqwon Plowden,https://www.nba.com/player/1631342/daeqwon-plowden/bio,1631342
Daishen Nix,https://www.nba.com/player/1630227/daishen-nix/bio,1630227
Dalano Banton,https://www.nba.com/player/1630625/dalano-banton/bio,1630625
Dalen Terry,https://www.nba.com/player/1631207/dalen-terry/bio,1631207
Dalton Knecht,https://www.nba.com/player/1642261/dalton-knecht/bio,1642261
Damian Lillard,https://www.nba.com/player/203081/damian-lillard/bio,203081
Damion Lee,https://www.nba.com/player/1627814/damion-lee/bio,1627814
Daniel Gafford,https://www.nba.com/player/1629655/daniel-gafford/bio,1629655
Daniel Theis,https://www.nba.com/player/1628464/daniel-theis/bio,1628464
Daniss Jenkins,https://www.nba.com/player/1642450/daniss-jenkins/bio,1642450
Dante Exum,https://www.nba.com/player/203957/dante-exum,203957
Dario Šarić,https://www.nba.com/player/203967/dario-ari/bio,203967
Dariq Miller-Whitehead,https://www.nba.com/player/1641727/dariq-whitehead,1641727
Dariq Whitehead,https://www.nba.com/player/1641727/dariq-whitehead/bio,1641727
Darius Garland,https://www.nba.com/player/1629636/darius-garland/bio,1629636
David Duke,https://www.nba.com/player/1630561/david-duke-jr,1630561
David Duke Jr.,https://www.nba.com/player/1630561/david-duke-jr/bio,1630561
David Roddy,https://www.nba.com/player/1631223/david-roddy/bio,1631223
Davion Mitchell,https://www.nba.com/player/1630558/davion-mitchell/bio,1630558
Day'Ron Sharpe,https://www.nba.com/player/1630549/dayron-sharpe/bio,1630549
De'Aaron Fox,https://www.nba.com/player/1628368/deaaron-fox/bio,1628368
De'Andre Hunter,https://www.nba.com/player/1629631/deandre-hunter/bio,1629631
De'Anthony Melton,https://www.nba.com/player/1629001/deanthony-melton/bio,1629001
DeAndre Jordan,https://www.nba.com/player/201599/deandre-jordan/bio,201599
DeMar DeRozan,https://www.nba.com/player/201942/demar-derozan/bio,201942
Dean Wade,https://www.nba.com/player/1629731/dean-wade/bio,1629731
Deandre Ayton,https://www.nba.com/player/1629028/deandre-ayton/bio,1629028
Dejounte Murray,https://www.nba.com/player/1627749/dejounte-murray/bio,1627749
Delon Wright,https://www.nba.com/player/1626153/delon-wright/bio,1626153
Deni Avdija,https://www.nba.com/player/1630166/deni-avdija/bio,1630166
Dennis Schröder,https://www.nba.com/player/203471/dennis-schr-der/bio,203471
Dereck Lively,https://www.nba.com/player/1641726/dereck-lively-ii,1641726
Dereck Lively II,https://www.nba.com/player/1641726/dereck-lively-ii/bio,1641726
Derrick Jones,https://www.nba.com/player/1627884/derrick-jones-jr,1627884
Derrick Jones Jr.,https://www.nba.com/player/1627884/derrick-jones-jr/bio,1627884
Derrick White,https://www.nba.com/player/1628401/derrick-white/bio,1628401
Desmond Bane,https://www.nba.com/player/1630217/desmond-bane/bio,1630217
Devin Booker,https://www.nba.com/player/1626164/devin-booker/bio,1626164
Devin Carter,https://www.nba.com/player/1642269/devin-carter/bio,1642269
Devin Vassell,https://www.nba.com/player/1630170/devin-vassell/bio,1630170
Dillon Brooks,https://www.nba.com/player/1628415/dillon-brooks/bio,1628415
Dillon Jones,https://www.nba.com/player/1641794/dillon-jones/bio,1641794
Domantas Sabonis,https://www.nba.com/player/1627734/domantas-sabonis/bio,1627734
Dominick Barlow,https://www.nba.com/player/1631230/dominick-barlow/bio,1631230
Donovan Clingan,https://www.nba.com/player/1642270/donovan-clingan/bio,1642270
Donovan Mitchell,https://www.nba.com/player/1628378/donovan-mitchell/bio,1628378
Donte DiVincenzo,https://www.nba.com/player/1628978/donte-divincenzo/bio,1628978
Dorian Finney-Smith,https://www.nba.com/player/1627827/dorian-finney-smith/bio,1627827
Doug McDermott,https://www.nba.com/player/203926/doug-mcdermott/bio,203926
Draymond Green,https://www.nba.com/player/203110/draymond-green/bio,203110
Drew Eubanks,https://www.nba.com/player/1629234/drew-eubanks/bio,1629234
Drew Peterson,https://www.nba.com/player/1641809/drew-peterson/bio,1641809
Dru Smith,https://www.nba.com/player/1630696/dru-smith/bio,1630696
Duncan Robinson,https://www.nba.com/player/1629130/duncan-robinson/bio,1629130
Duop Reath,https://www.nba.com/player/1641871/duop-reath/bio,1641871
Dwight Powell,https://www.nba.com/player/203939/dwight-powell/bio,203939
Dyson Daniels,https://www.nba.com/player/1630700/dyson-daniels/bio,1630700
E.J. Liddell,https://www.nba.com/player/1630604/ej-liddell/bio,1630604
Elfrid Payton,https://www.nba.com/player/203901/elfrid-payton/bio,203901
Elijah Harkless,https://www.nba.com/player/1641989/elijah-harkless/bio,1641989
Emoni Bates,https://www.nba.com/player/1641734/emoni-bates/bio,1641734
Enrique Freeman,https://www.nba.com/player/1642402/enrique-freeman/bio,1642402
Eric Gordon,https://www.nba.com/player/201569/eric-gordon/bio,201569
Evan Mobley,https://www.nba.com/player/1630596/evan-mobley/bio,1630596
Franz Wagner,https://www.nba.com/player/1630532/franz-wagner/bio,1630532
Fred VanVleet,https://www.nba.com/player/1627832/fred-vanvleet/bio,1627832
GG Jackson II,https://www.nba.com/player/1641713/gg-jackson,1641713
Gabe Vincent,https://www.nba.com/player/1629216/gabe-vincent/bio,1629216
Garrett Temple,https://www.nba.com/player/202066/garrett-temple/bio,202066
Garrison Mathews,https://www.nba.com/player/1629726/garrison-mathews/bio,1629726
Gary Harris,https://www.nba.com/player/203914/gary-harris/bio,203914
Gary Payton,https://www.nba.com/player/56/gary-payton/bio,56
Gary Payton II,https://www.nba.com/player/1627780/gary-payton-ii/bio,1627780
Gary Trent,https://www.nba.com/player/718/gary-trent/bio,718
Gary Trent Jr.,https://www.nba.com/player/1629018/gary-trent-jr/bio,1629018
Georges Niang,https://www.nba.com/player/1627777/georges-niang/bio,1627777
Giannis Antetokounmpo,https://www.nba.com/player/203507/giannis-antetokounmpo/bio,203507
Goga Bitadze,https://www.nba.com/player/1629048/goga-bitadze/bio,1629048
Gradey Dick,https://www.nba.com/player/1641711/gradey-dick/bio,1641711
Grant Williams,https://www.nba.com/player/1629684/grant-williams/bio,1629684
Grayson Allen,https://www.nba.com/player/1628960/grayson-allen/bio,1628960
Guerschon Yabusele,https://www.nba.com/player/1627824/guerschon-yabusele/bio,1627824
Gui Santos,https://www.nba.com/player/1630611/gui-santos/bio,1630611
Harrison Barnes,https://www.nba.com/player/203084/harrison-barnes/bio,203084
Harrison Ingram,https://www.nba.com/player/1631127/harrison-ingram/bio,1631127
Haywood Highsmith,https://www.nba.com/player/1629312/haywood-highsmith/bio,1629312
Herbert Jones,https://www.nba.com/player/1630529/herbert-jones/bio,1630529
Hunter Tyson,https://www.nba.com/player/1641816/hunter-tyson/bio,1641816
Immanuel Quickley,https://www.nba.com/player/1630193/immanuel-quickley/bio,1630193
Isaac Jones,https://www.nba.com/player/1642403/isaac-jones/bio,1642403
Isaac Okoro,https://www.nba.com/player/1630171/isaac-okoro/bio,1630171
Isaiah Collier,https://www.nba.com/player/1642268/isaiah-collier/bio,1642268
Isaiah Crawford,https://www.nba.com/player/1642384/isaiah-crawford/bio,1642384
Isaiah Hartenstein,https://www.nba.com/player/1628392/isaiah-hartenstein/bio,1628392
Isaiah Jackson,https://www.nba.com/player/1630543/isaiah-jackson/bio,1630543
Isaiah Joe,https://www.nba.com/player/1630198/isaiah-joe/bio,1630198
Isaiah Stewart,https://www.nba.com/player/1630191/isaiah-stewart/bio,1630191
Isaiah Wong,https://www.nba.com/player/1631209/isaiah-wong/bio,1631209
Isiah Crawford,https://www.nba.com/player/1642384/isaiah-crawford,1642384
Ivica Zubac,https://www.nba.com/player/1627826/ivica-zubac/bio,1627826
JD Davison,https://www.nba.com/player/1631120/jd-davison/bio,1631120
JT Thor,https://www.nba.com/player/1630550/jt-thor/bio,1630550
Ja Morant,https://www.nba.com/player/1629630/ja-morant/bio,1629630
Ja'Kobe Walter,https://www.nba.com/player/1642266/jakobe-walter/bio,1642266
Jabari Smith,https://www.nba.com/player/2074/jabari-smith/bio,2074
Jabari Smith Jr.,https://www.nba.com/player/1631095/jabari-smith-jr/bio,1631095
Jabari Walker,https://www.nba.com/player/1631133/jabari-walker/bio,1631133
Jack McVeigh,https://www.nba.com/player/1629098/jack-mcveigh/bio,1629098
Jackson Rowe,https://www.nba.com/player/1642050/jackson-rowe/bio,1642050
Jacob Toppin,https://www.nba.com/player/1631210/jacob-toppin/bio,1631210
Jaden Hardy,https://www.nba.com/player/1630702/jaden-hardy/bio,1630702
Jaden Ivey,https://www.nba.com/player/1631093/jaden-ivey/bio,1631093
Jaden McDaniels,https://www.nba.com/player/1630183/jaden-mcdaniels/bio,1630183
Jaden Springer,https://www.nba.com/player/1630531/jaden-springer/bio,1630531
Jae Crowder,https://www.nba.com/player/203109/jae-crowder/bio,203109
Jae'Sean Tate,https://www.nba.com/player/1630256/jaesean-tate/bio,1630256
Jaime Jaquez,https://www.nba.com/player/1631170/jaime-jaquez-jr,1631170
Jaime Jaquez Jr.,https://www.nba.com/player/1631170/jaime-jaquez-jr/bio,1631170
Jake LaRavia,https://www.nba.com/player/1631222/jake-laravia/bio,1631222
Jakob Poeltl,https://www.nba.com/player/1627751/jakob-poeltl/bio,1627751
Jalen Bridges,https://www.nba.com/player/1641779/jalen-bridges/bio,1641779
Jalen Brunson,https://www.nba.com/player/1628973/jalen-brunson/bio,1628973
Jalen Duren,https://www.nba.com/player/1631105/jalen-duren/bio,1631105
Jalen Green,https://www.nba.com/player/1630224/jalen-green/bio,1630224
Jalen Hood-Schifino,https://www.nba.com/player/1641720/jalen-hood-schifino/bio,1641720
Jalen Johnson,https://www.nba.com/player/1630552/jalen-johnson/bio,1630552
Jalen Pickett,https://www.nba.com/player/1629618/jalen-pickett/bio,1629618
Jalen Smith,https://www.nba.com/player/1630188/jalen-smith/bio,1630188
Jalen Suggs,https://www.nba.com/player/1630591/jalen-suggs/bio,1630591
Jalen Williams,https://www.nba.com/player/1631114/jalen-williams/bio,1631114
Jalen Wilson,https://www.nba.com/player/1630592/jalen-wilson/bio,1630592
Jamal Cain,https://www.nba.com/player/1631288/jamal-cain/bio,1631288
Jamal Murray,https://www.nba.com/player/1627750/jamal-murray/bio,1627750
Jamal Shead,https://www.nba.com/player/1642347/jamal-shead/bio,1642347
James Harden,https://www.nba.com/player/201935/james-harden/bio,201935
James Johnson,https://www.nba.com/player/201949/james-johnson/bio,201949
James Wiseman,https://www.nba.com/player/1630164/james-wiseman/bio,1630164
Jamison Battle,https://www.nba.com/player/1642419/jamison-battle/bio,1642419
Jarace Walker,https://www.nba.com/player/1641716/jarace-walker/bio,1641716
Jared Butler,https://www.nba.com/player/1630215/jared-butler/bio,1630215
Jared McCain,https://www.nba.com/player/1642272/jared-mccain/bio,1642272
Jared Rhoden,https://www.nba.com/player/1631197/jared-rhoden/bio,1631197
Jaren Jackson,https://www.nba.com/player/1114/jaren-jackson/bio,1114
Jaren Jackson Jr.,https://www.nba.com/player/1628991/jaren-jackson-jr/bio,1628991
Jarred Vanderbilt,https://www.nba.com/player/1629020/jarred-vanderbilt/bio,1629020
Jarrett Allen,https://www.nba.com/player/1628386/jarrett-allen/bio,1628386
Javonte Green,https://www.nba.com/player/1629750/javonte-green/bio,1629750
Jaxson Hayes,https://www.nba.com/player/1629637/jaxson-hayes/bio,1629637
Jay Huff,https://www.nba.com/player/1630643/jay-huff/bio,1630643
Jaylen Brown,https://www.nba.com/player/1627759/jaylen-brown/bio,1627759
Jaylen Clark,https://www.nba.com/player/1641740/jaylen-clark/bio,1641740
Jaylen Martin,https://www.nba.com/player/1641798/jaylen-martin/bio,1641798
Jaylen Nowell,https://www.nba.com/player/1629669/jaylen-nowell/bio,1629669
Jaylen Wells,https://www.nba.com/player/1642377/jaylen-wells/bio,1642377
Jaylin Williams,https://www.nba.com/player/1631119/jaylin-williams/bio,1631119
Jaylon Tyson,https://www.nba.com/player/1642281/jaylon-tyson/bio,1642281
Jayson Tatum,https://www.nba.com/player/1628369/jayson-tatum/bio,1628369
Jazian Gortman,https://www.nba.com/player/1641789/jazian-gortman/bio,1641789
Jeenathan Williams,https://www.nba.com/player/1631466/nate-williams,1631466
Jeff Dowtin,https://www.nba.com/player/1630288/jeff-dowtin-jr,1630288
Jeff Green,https://www.nba.com/player/201145/jeff-green/bio,201145
Jerami Grant,https://www.nba.com/player/203924/jerami-grant/bio,203924
Jeremiah Robinson-Earl,https://www.nba.com/player/1630526/jeremiah-robinson-earl/bio,1630526
Jeremy Sochan,https://www.nba.com/player/1631110/jeremy-sochan/bio,1631110
Jericho Sims,https://www.nba.com/player/1630579/jericho-sims/bio,1630579
Jett Howard,https://www.nba.com/player/1641724/jett-howard/bio,1641724
Jevon Carter,https://www.nba.com/player/1628975/jevon-carter/bio,1628975
Jimmy Butler,https://www.nba.com/player/202710/jimmy-butler-iii,202710
Jock Landale,https://www.nba.com/player/1629111/jock-landale/bio,1629111
Joe Ingles,https://www.nba.com/player/204060/joe-ingles/bio,204060
Joel Embiid,https://www.nba.com/player/203954/joel-embiid/bio,203954
John Collins,https://www.nba.com/player/1628381/john-collins/bio,1628381
John Konchar,https://www.nba.com/player/1629723/john-konchar/bio,1629723
Johnny Davis,https://www.nba.com/player/76526/johnny-davis/bio,76526
Johnny Davis,https://www.nba.com/player/1631098/johnny-davis/bio,1631098
Johnny Furphy,https://www.nba.com/player/1642277/johnny-furphy/bio,1642277
Johnny Juzang,https://www.nba.com/player/1630548/johnny-juzang/bio,1630548
Jonas Valančiūnas,https://www.nba.com/player/202685/jonas-valan-i-nas/bio,202685
Jonathan Isaac,https://www.nba.com/player/1628371/jonathan-isaac/bio,1628371
Jonathan Kuminga,https://www.nba.com/player/1630228/jonathan-kuminga/bio,1630228
Jonathan Mogbo,https://www.nba.com/player/1642367/jonathan-mogbo/bio,1642367
Jordan Clarkson,https://www.nba.com/player/203903/jordan-clarkson/bio,203903
Jordan Hawkins,https://www.nba.com/player/1641722/jordan-hawkins/bio,1641722
Jordan McLaughlin,https://www.nba.com/player/1629162/jordan-mclaughlin/bio,1629162
Jordan Miller,https://www.nba.com/player/1641757/jordan-miller/bio,1641757
Jordan Poole,https://www.nba.com/player/1629673/jordan-poole/bio,1629673
Jordan Walsh,https://www.nba.com/player/1641775/jordan-walsh/bio,1641775
Jose Alvarado,https://www.nba.com/player/1630631/jose-alvarado/bio,1630631
Josh Christopher,https://www.nba.com/player/1630528/josh-christopher/bio,1630528
Josh Giddey,https://www.nba.com/player/1630581/josh-giddey/bio,1630581
Josh Green,https://www.nba.com/player/1630182/josh-green/bio,1630182
Josh Hart,https://www.nba.com/player/1628404/josh-hart/bio,1628404
Josh Minott,https://www.nba.com/player/1631169/josh-minott/bio,1631169
Josh Okogie,https://www.nba.com/player/1629006/josh-okogie/bio,1629006
Josh Richardson,https://www.nba.com/player/1626196/josh-richardson/bio,1626196
Jrue Holiday,https://www.nba.com/player/201950/jrue-holiday/bio,201950
Julian Champagnie,https://www.nba.com/player/1630577/julian-champagnie/bio,1630577
Julian Phillips,https://www.nba.com/player/1641763/julian-phillips/bio,1641763
Julian Strawther,https://www.nba.com/player/1631124/julian-strawther/bio,1631124
Julius Randle,https://www.nba.com/player/203944/julius-randle/bio,203944
Justin Champagnie,https://www.nba.com/player/1630551/justin-champagnie/bio,1630551
Justin Edwards,https://www.nba.com/player/1642348/justin-edwards/bio,1642348
Justin Minaya,https://www.nba.com/player/1631303/justin-minaya/bio,1631303
Jusuf Nurkić,https://www.nba.com/player/203994/jusuf-nurki/bio,203994
KJ Martin,https://www.nba.com/player/1630231/kj-martin/bio,1630231
KJ Simpson,https://www.nba.com/player/1642354/kj-simpson/bio,1642354
Kai Jones,https://www.nba.com/player/1630539/kai-jones/bio,1630539
Karl-Anthony Towns,https://www.nba.com/player/1626157/karl-anthony-towns/bio,1626157
Karlo Matković,https://www.nba.com/player/1631255/karlo-matkovi/bio,1631255
Kawhi Leonard,https://www.nba.com/player/202695/kawhi-leonard/bio,202695
Keaton Wallace,https://www.nba.com/player/1630811/keaton-wallace/bio,1630811
Keegan Murray,https://www.nba.com/player/1631099/keegan-murray/bio,1631099
Keion Brooks Jr.,https://www.nba.com/player/1631232/keion-brooks-jr/bio,1631232
Kel'el Ware,https://www.nba.com/player/1642276/kelel-ware/bio,1642276
Keldon Johnson,https://www.nba.com/player/1629640/keldon-johnson/bio,1629640
Kelly Olynyk,https://www.nba.com/player/203482/kelly-olynyk/bio,203482
Kelly Oubre,https://www.nba.com/player/1626162/kelly-oubre-jr,1626162
Kelly Oubre Jr.,https://www.nba.com/player/1626162/kelly-oubre-jr/bio,1626162
Kenrich Williams,https://www.nba.com/player/1629026/kenrich-williams/bio,1629026
Kentavious Caldwell-Pope,https://www.nba.com/player/203484/kentavious-caldwell-pope/bio,203484
Keon Ellis,https://www.nba.com/player/1631165/keon-ellis/bio,1631165
Keon Johnson,https://www.nba.com/player/1630553/keon-johnson/bio,1630553
Keshad Johnson,https://www.nba.com/player/1642352/keshad-johnson/bio,1642352
Kessler Edwards,https://www.nba.com/player/1630556/kessler-edwards/bio,1630556
Kevin Durant,https://www.nba.com/player/201142/kevin-durant/bio,201142
Kevin Huerter,https://www.nba.com/player/1628989/kevin-huerter/bio,1628989
Kevin Love,https://www.nba.com/player/201567/kevin-love/bio,201567
Kevin Porter,https://www.nba.com/player/77876/kevin-porter/bio,77876
Kevin Porter Jr.,https://www.nba.com/player/1629645/kevin-porter-jr/bio,1629645
Kevon Looney,https://www.nba.com/player/1626172/kevon-looney/bio,1626172
Keyonte George,https://www.nba.com/player/1641718/keyonte-george/bio,1641718
Khris Middleton,https://www.nba.com/player/203114/khris-middleton/bio,203114
Klay Thompson,https://www.nba.com/player/202691/klay-thompson/bio,202691
Kobe Brown,https://www.nba.com/player/1641738/kobe-brown/bio,1641738
Kobe Bufkin,https://www.nba.com/player/1641723/kobe-bufkin/bio,1641723
Kris Dunn,https://www.nba.com/player/1627739/kris-dunn/bio,1627739
Kris Murray,https://www.nba.com/player/1631200/kris-murray/bio,1631200
Kristaps Porziņģis,https://www.nba.com/player/204001/kristaps-porzi-is/bio,204001
Kyle Anderson,https://www.nba.com/player/203937/kyle-anderson/bio,203937
Kyle Filipowski,https://www.nba.com/player/1642271/kyle-filipowski/bio,1642271
Kyle Kuzma,https://www.nba.com/player/1628398/kyle-kuzma/bio,1628398
Kyle Lowry,https://www.nba.com/player/200768/kyle-lowry/bio,200768
Kylor Kelley,https://www.nba.com/player/1630283/kylor-kelley/bio,1630283
Kyrie Irving,https://www.nba.com/player/202681/kyrie-irving/bio,202681
Kyshawn George,https://www.nba.com/player/1642273/kyshawn-george/bio,1642273
LaMelo Ball,https://www.nba.com/player/1630163/lamelo-ball/bio,1630163
Landry Shamet,https://www.nba.com/player/1629013/landry-shamet/bio,1629013
Larry Nance,https://www.nba.com/player/77685/larry-nance/bio,77685
Larry Nance Jr.,https://www.nba.com/player/1626204/larry-nance-jr/bio,1626204
Lauri Markkanen,https://www.nba.com/player/1628374/lauri-markkanen/bio,1628374
LeBron James,https://www.nba.com/player/2544/lebron-james/bio,2544
Leonard Miller,https://www.nba.com/player/1631159/leonard-miller/bio,1631159
Lester Quiñones,https://www.nba.com/player/1631311/lester-quinones,1631311
Liam Robbins,https://www.nba.com/player/1641857/liam-robbins/bio,1641857
Lindy Waters,https://www.nba.com/player/1630322/lindy-waters-iii,1630322
Lindy Waters III,https://www.nba.com/player/1630322/lindy-waters-iii/bio,1630322
Lonzo Ball,https://www.nba.com/player/1628366/lonzo-ball/bio,1628366
Luguentz Dort,https://www.nba.com/player/1629652/luguentz-dort/bio,1629652
Luka Dončić,https://www.nba.com/player/1629029/luka-don-i/bio,1629029
Luka Garza,https://www.nba.com/player/1630568/luka-garza/bio,1630568
Luke Kennard,https://www.nba.com/player/1628379/luke-kennard/bio,1628379
Luke Kornet,https://www.nba.com/player/1628436/luke-kornet/bio,1628436
Luke Travers,https://www.nba.com/player/1631247/luke-travers/bio,1631247
Mac McClung,https://www.nba.com/player/1630644/mac-mcclung/bio,1630644
Malaki Branham,https://www.nba.com/player/1631103/malaki-branham/bio,1631103
Malcolm Brogdon,https://www.nba.com/player/1627763/malcolm-brogdon/bio,1627763
Malevy Leons,https://www.nba.com/player/1642502/malevy-leons/bio,1642502
Malik Beasley,https://www.nba.com/player/1627736/malik-beasley/bio,1627736
Malik Monk,https://www.nba.com/player/1628370/malik-monk/bio,1628370
MarJon Beauchamp,https://www.nba.com/player/1630699/marjon-beauchamp/bio,1630699
Marcus Sasser,https://www.nba.com/player/1631204/marcus-sasser/bio,1631204
Marcus Smart,https://www.nba.com/player/203935/marcus-smart/bio,203935
Mark Williams,https://www.nba.com/player/1631109/mark-williams/bio,1631109
Markieff Morris,https://www.nba.com/player/202693/markieff-morris/bio,202693
Marvin Bagley,https://www.nba.com/player/1628963/marvin-bagley-iii,1628963
Mason Jones,https://www.nba.com/player/1630222/mason-jones/bio,1630222
Mason Plumlee,https://www.nba.com/player/203486/mason-plumlee/bio,203486
Matas Buzelis,https://www.nba.com/player/1641824/matas-buzelis/bio,1641824
Matt Ryan,https://www.nba.com/player/1630346/matt-ryan/bio,1630346
Max Christie,https://www.nba.com/player/1631108/max-christie/bio,1631108
Max Strus,https://www.nba.com/player/1629622/max-strus/bio,1629622
Maxi Kleber,https://www.nba.com/player/1628467/maxi-kleber/bio,1628467
Maxwell Lewis,https://www.nba.com/player/1641721/maxwell-lewis/bio,1641721
Micah Potter,https://www.nba.com/player/1630695/micah-potter/bio,1630695
Michael Porter,https://www.nba.com/player/1629008/michael-porter-jr,1629008
Michael Porter Jr.,https://www.nba.com/player/1629008/michael-porter-jr/bio,1629008
Mikal Bridges,https://www.nba.com/player/1628969/mikal-bridges/bio,1628969
Mike Conley,https://www.nba.com/player/201144/mike-conley/bio,201144
Miles Bridges,https://www.nba.com/player/1628970/miles-bridges/bio,1628970
Miles McBride,https://www.nba.com/player/1630540/miles-mcbride/bio,1630540
Mo Bamba,https://www.nba.com/player/1628964/mo-bamba/bio,1628964
Mohamed Bamba,https://www.nba.com/player/1628964/mo-bamba,1628964
Monte Morris,https://www.nba.com/player/1628420/monte-morris,1628420
Moritz Wagner,https://www.nba.com/player/1629021/moritz-wagner/bio,1629021
Moses Brown,https://www.nba.com/player/1629650/moses-brown/bio,1629650
Moses Moody,https://www.nba.com/player/1630541/moses-moody/bio,1630541
Mouhamed Gueye,https://www.nba.com/player/1631243/mouhamed-gueye/bio,1631243
Moussa Diabaté,https://www.nba.com/player/1631217/moussa-diabat/bio,1631217
Myles Turner,https://www.nba.com/player/1626167/myles-turner/bio,1626167
Naji Marshall,https://www.nba.com/player/1630230/naji-marshall/bio,1630230
Naz Reid,https://www.nba.com/player/1629675/naz-reid/bio,1629675
Neemias Queta,https://www.nba.com/player/1629674/neemias-queta/bio,1629674
Nic Claxton,https://www.nba.com/player/1629651/nic-claxton/bio,1629651
Nick Richards,https://www.nba.com/player/1630208/nick-richards/bio,1630208
Nick Smith,https://www.nba.com/player/1641733/nick-smith-jr,1641733
Nick Smith Jr.,https://www.nba.com/player/1641733/nick-smith-jr/bio,1641733
Nickeil Alexander-Walker,https://www.nba.com/player/1629638/nickeil-alexander-walker/bio,1629638
Nicolas Batum,https://www.nba.com/player/201587/nicolas-batum/bio,201587
Nikola Jokić,https://www.nba.com/player/203999/nikola-joki/bio,203999
Nikola Jović,https://www.nba.com/player/1631107/nikola-jovi/bio,1631107
Nikola Vučević,https://www.nba.com/player/202696/nikola-vu-evi/bio,202696
Noah Clowney,https://www.nba.com/player/1641730/noah-clowney/bio,1641730
Norman Powell,https://www.nba.com/player/1626181/norman-powell/bio,1626181
OG Anunoby,https://www.nba.com/player/1628384/og-anunoby/bio,1628384
Obi Toppin,https://www.nba.com/player/1630167/obi-toppin/bio,1630167
Ochai Agbaji,https://www.nba.com/player/1630534/ochai-agbaji/bio,1630534
Olivier-Maxence Prosper,https://www.nba.com/player/1641765/olivier-maxence-prosper/bio,1641765
Onyeka Okongwu,https://www.nba.com/player/1630168/onyeka-okongwu/bio,1630168
Orlando Robinson,https://www.nba.com/player/1631115/orlando-robinson/bio,1631115
Oscar Tshiebwe,https://www.nba.com/player/1631131/oscar-tshiebwe/bio,1631131
Oso Ighodaro,https://www.nba.com/player/1642345/oso-ighodaro/bio,1642345
Ousmane Dieng,https://www.nba.com/player/1631172/ousmane-dieng/bio,1631172
P.J. Washington,https://www.nba.com/player/1629023/pj-washington/bio,1629023
PJ Dozier,https://www.nba.com/player/1628408/pj-dozier/bio,1628408
PJ Hall,https://www.nba.com/player/1641790/pj-hall/bio,1641790
Pacome Dadiet,https://www.nba.com/player/1642359/pacome-dadiet,1642359
Paolo Banchero,https://www.nba.com/player/1631094/paolo-banchero/bio,1631094
Pascal Siakam,https://www.nba.com/player/1627783/pascal-siakam/bio,1627783
Pat Connaughton,https://www.nba.com/player/1626192/pat-connaughton/bio,1626192
Pat Spencer,https://www.nba.com/player/1630311/pat-spencer/bio,1630311
Patrick Baldwin,https://www.nba.com/player/1631116/patrick-baldwin-jr,1631116
Patrick Baldwin Jr.,https://www.nba.com/player/1631116/patrick-baldwin-jr/bio,1631116
Patrick Williams,https://www.nba.com/player/1630172/patrick-williams/bio,1630172
Patty Mills,https://www.nba.com/player/201988/patty-mills/bio,201988
Paul George,https://www.nba.com/player/202331/paul-george/bio,202331
Paul Reed,https://www.nba.com/player/1630194/paul-reed/bio,1630194
Payton Pritchard,https://www.nba.com/player/1630202/payton-pritchard/bio,1630202
Pelle Larsson,https://www.nba.com/player/1641796/pelle-larsson/bio,1641796
Pete Nance,https://www.nba.com/player/1631250/pete-nance/bio,1631250
Peyton Watson,https://www.nba.com/player/1631212/peyton-watson/bio,1631212
Precious Achiuwa,https://www.nba.com/player/1630173/precious-achiuwa/bio,1630173
Quentin Grimes,https://www.nba.com/player/1629656/quentin-grimes/bio,1629656
Quenton Jackson,https://www.nba.com/player/1631245/quenton-jackson/bio,1631245
Quincy Olivari,https://www.nba.com/player/1642439/quincy-olivari/bio,1642439
Quinten Post,https://www.nba.com/player/1642366/quinten-post/bio,1642366
RJ Barrett,https://www.nba.com/player/1629628/rj-barrett/bio,1629628
RayJ Dennis,https://www.nba.com/player/1642484/rayj-dennis/bio,1642484
Rayan Rupert,https://www.nba.com/player/1641712/rayan-rupert/bio,1641712
Reece Beekman,https://www.nba.com/player/1641736/reece-beekman/bio,1641736
Reed Sheppard,https://www.nba.com/player/1642263/reed-sheppard/bio,1642263
Reggie Jackson,https://www.nba.com/player/202704/reggie-jackson/bio,202704
Richaun Holmes,https://www.nba.com/player/1626158/richaun-holmes/bio,1626158
Ricky Council,https://www.nba.com/player/1641741/ricky-council-iv,1641741
Ricky Council IV,https://www.nba.com/player/1641741/ricky-council-iv/bio,1641741
Riley Minix,https://www.nba.com/player/1642434/riley-minix/bio,1642434
Rob Dillingham,https://www.nba.com/player/1642265/rob-dillingham/bio,1642265
Robert Williams,https://www.nba.com/player/1629057/robert-williams-iii,1642256
Ron Holland,https://www.nba.com/player/1641842/ronald-holland-ii,1641812
Royce O'Neale,https://www.nba.com/player/1626220/royce-oneale/bio,1626220
Rudy Gobert,https://www.nba.com/player/203497/rudy-gobert/bio,203497
Rui Hachimura,https://www.nba.com/player/1629060/rui-hachimura/bio,1629060
Russell Westbrook,https://www.nba.com/player/201566/russell-westbrook/bio,201566
Ryan Dunn,https://www.nba.com/player/1642346/ryan-dunn/bio,1642346
Ryan Rollins,https://www.nba.com/player/1631157/ryan-rollins/bio,1631157
Sam Hauser,https://www.nba.com/player/1630573/sam-hauser/bio,1630573
Sam Merrill,https://www.nba.com/player/1630241/sam-merrill/bio,1630241
Sandro Mamukelashvili,https://www.nba.com/player/1630572/sandro-mamukelashvili/bio,1630572
Santi Aldama,https://www.nba.com/player/1630583/santi-aldama/bio,1630583
Scoot Henderson,https://www.nba.com/player/1630703/scoot-henderson/bio,1630703
Scottie Barnes,https://www.nba.com/player/1630567/scottie-barnes/bio,1630567
Scotty Pippen ,https://www.nba.com/player/1630590/scotty-pippen-jr,1630590
Scotty Pippen Jr.,https://www.nba.com/player/1630590/scotty-pippen-jr/bio,1630590
Seth Curry,https://www.nba.com/player/203552/seth-curry/bio,203552
Shaedon Sharpe,https://www.nba.com/player/1631101/shaedon-sharpe/bio,1631101
Shai Gilgeous-Alexander,https://www.nba.com/player/1628983/shai-gilgeous-alexander/bio,1628983
Shake Milton,https://www.nba.com/player/1629003/shake-milton/bio,1629003
Sidy Cissoko,https://www.nba.com/player/1631321/sidy-cissoko/bio,1631321
Simone Fontecchio,https://www.nba.com/player/1631323/simone-fontecchio/bio,1631323
Spencer Dinwiddie,https://www.nba.com/player/203915/spencer-dinwiddie/bio,203915
Spencer Jones,https://www.nba.com/player/1642461/spencer-jones/bio,1642461
Stanley Umude,https://www.nba.com/player/1630649/stanley-umude/bio,1630649
Stephen Curry,https://www.nba.com/player/201939/stephen-curry/bio,201939
Stephon Castle,https://www.nba.com/player/1642264/stephon-castle/bio,1642264
Steven Adams,https://www.nba.com/player/203500/steven-adams/bio,203500
Svi Mykhailiuk,https://www.nba.com/player/1629004/svi-mykhailiuk/bio,1629004
T.J. McConnell,https://www.nba.com/player/204456/tj-mcconnell/bio,204456
Taj Gibson,https://www.nba.com/player/201959/taj-gibson/bio,201959
Talen Horton-Tucker,https://www.nba.com/player/1629659/talen-horton-tucker/bio,1629659
Tari Eason,https://www.nba.com/player/1631106/tari-eason/bio,1631106
Taurean Prince,https://www.nba.com/player/1627752/taurean-prince/bio,1627752
Taylor Hendricks,https://www.nba.com/player/1641707/taylor-hendricks/bio,1641707
Taze Moore,https://www.nba.com/player/1631386/taze-moore,1631386
Terance Mann,https://www.nba.com/player/1629611/terance-mann/bio,1629611
Terrence Shannon,https://www.nba.com/player/1630545/terrence-shannon-jr,1630545
Terrence Shannon Jr. ,https://www.nba.com/player/1630545/terrence-shannon-jr/bio,1630545
Terry Rozier,https://www.nba.com/player/1626179/terry-rozier/bio,1626179
Thomas Bryant,https://www.nba.com/player/1628418/thomas-bryant/bio,1628418
Tidjane Salaün,https://www.nba.com/player/1642275/tidjane-sala-n/bio,1642275
Tidjane Salaün ,https://www.nba.com/player/1642275/tidjane-sala-n/bio,1642275
Tim Hardaway,https://www.nba.com/player/896/tim-hardaway/bio,896
Tim Hardaway Jr.,https://www.nba.com/player/203501/tim-hardaway-jr/bio,203501
Tobias Harris,https://www.nba.com/player/202699/tobias-harris/bio,202699
Torrey Craig,https://www.nba.com/player/1628470/torrey-craig/bio,1628470
Tosan Evbuomwan,https://www.nba.com/player/1641787/tosan-evbuomwan/bio,1641787
Toumani Camara,https://www.nba.com/player/1641739/toumani-camara/bio,1641739
Trae Young,https://www.nba.com/player/1629027/trae-young/bio,1629027
Trayce Jackson-Davis,https://www.nba.com/player/1631218/trayce-jackson-davis/bio,1631218
Tre Jones,https://www.nba.com/player/1630200/tre-jones/bio,1630200
Tre Mann,https://www.nba.com/player/1630544/tre-mann/bio,1630544
Trendon Watford,https://www.nba.com/player/1630570/trendon-watford/bio,1630570
Trentyn Flowers,https://www.nba.com/player/1642280/trentyn-flowers/bio,1642280
Trevelin Queen,https://www.nba.com/player/1630243/trevelin-queen/bio,1630243
Trey Alexander,https://www.nba.com/player/1641725/trey-alexander/bio,1641725
Trey Jemison,https://www.nba.com/player/1641998/trey-jemison-iii,1641998
Trey Lyles,https://www.nba.com/player/1626168/trey-lyles/bio,1626168
Trey Murphy,https://www.nba.com/player/1630530/trey-murphy-iii,1630530
Trey Murphy III,https://www.nba.com/player/1630530/trey-murphy-iii/bio,1630530
Tristan Da Silva,https://www.nba.com/player/1641783/tristan-da-silva/bio,1641783
Tristan Thompson,https://www.nba.com/player/202684/tristan-thompson/bio,202684
Tristan Vukcevic,https://www.nba.com/player/1641774/tristan-vukcevic/bio,1641774
Tristen Newton,https://www.nba.com/player/1641803/tristen-newton/bio,1641803
Ty Jerome,https://www.nba.com/player/1629660/ty-jerome/bio,1629660
TyTy Washington,https://www.nba.com/player/1631102/tyty-washington-jr,1631102
TyTy Washington Jr.,https://www.nba.com/player/1631102/tyty-washington-jr/bio,1631102
Tyler Herro,https://www.nba.com/player/1629639/tyler-herro/bio,1629639
Tyler Kolek,https://www.nba.com/player/1642278/tyler-kolek/bio,1642278
Tyler Smith,https://www.nba.com/player/1641890/tyler-smith/bio,1641890
Tyrese Haliburton,https://www.nba.com/player/1630169/tyrese-haliburton/bio,1630169
Tyrese Martin,https://www.nba.com/player/1631213/tyrese-martin/bio,1631213
Tyrese Maxey,https://www.nba.com/player/1630178/tyrese-maxey/bio,1630178
Tyus Jones,https://www.nba.com/player/1626145/tyus-jones/bio,1626145
Ulrich Chomche,https://www.nba.com/player/1642279/ulrich-chomche/bio,1642279
Vasilije Micić,https://www.nba.com/player/203995/vasilije-mici/bio,203995
Victor Wembanyama,https://www.nba.com/player/1641705/victor-wembanyama/bio,1641705
Vince Williams,https://www.nba.com/player/1631246/vince-williams-jr,1631246
Vince Williams Jr.,https://www.nba.com/player/1631246/vince-williams-jr/bio,1631246
Vit Krejci,https://www.nba.com/player/1630249/vit-krejci,1630249
Vlatko Čančar,https://www.nba.com/player/1628427/vlatko-an-ar/bio,1628427
Walker Kessler,https://www.nba.com/player/1631117/walker-kessler/bio,1631117
Wendell Carter,https://www.nba.com/player/1628976/wendell-carter-jr,1628976
Wendell Carter Jr.,https://www.nba.com/player/1628976/wendell-carter-jr/bio,1628976
Wendell Moore,https://www.nba.com/player/1631111/wendell-moore-jr,1631111
Wendell Moore Jr.,https://www.nba.com/player/1631111/wendell-moore-jr/bio,1631111
Xavier Tillman,https://www.nba.com/player/1630214/xavier-tillman/bio,1630214
Xavier Tillman Sr.,https://www.nba.com/player/1630214/xavier-tillman/bio,1630214
Yongxi Cui,https://www.nba.com/player/1642385/cui-yongxi,1642385
Yuki Kawamura,https://www.nba.com/player/1642530/yuki-kawamura/bio,1642530
Yves Missi,https://www.nba.com/player/1642274/yves-missi/bio,1642274
Zaccharie Risacher,https://www.nba.com/player/1642258/zaccharie-risacher/bio,1642258
Zach Collins,https://www.nba.com/player/1628380/zach-collins/bio,1628380
Zach Edey,https://www.nba.com/player/1641744/zach-edey/bio,1641744
Zach LaVine,https://www.nba.com/player/203897/zach-lavine/bio,203897
Zeke Nnaji,https://www.nba.com/player/1630192/zeke-nnaji/bio,1630192
Ziaire Williams,https://www.nba.com/player/1630533/ziaire-williams/bio,1630533
Zion Williamson,https://www.nba.com/player/1629627/zion-williamson/bio,1629627
Zyon Pullin,https://www.nba.com/player/1642389/zyon-pullin/bio,1642389
